PDB ID,Structure Title,Exp. Method,NDB ID,Resolution,Classification,Rel. Date,Dep. Date,Rev. Date,Structure Author,Structure MW,Macromolecule Type,Residue Count,Atom Site Count,PDB DOI
"5R7Y","PanDDA analysis group deposition -- Crystal Structure of COVID-19 main protease in complex with Z45617795","X-RAY DIFFRACTION","","1.65","HYDROLASE/HYDROLASE INHIBITOR","2020-03-11","2020-03-03","2020-03-25","Fearon, D.#Powell, A.J.#Douangamath, A.#Owen, C.D.#Wild, C.#Krojer, T.#Lukacik, P.#Strain-Damerell, C.M.#Walsh, M.A.#von Delft, F.","34372.80","Protein","306","2393","10.2210/pdb5r7y/pdb"
"5R7Z","PanDDA analysis group deposition -- Crystal Structure of COVID-19 main protease in complex with Z1220452176","X-RAY DIFFRACTION","","1.59","HYDROLASE/HYDROLASE INHIBITOR","2020-03-11","2020-03-03","2020-03-25","Fearon, D.#Powell, A.J.#Douangamath, A.#Owen, C.D.#Wild, C.#Krojer, T.#Lukacik, P.#Strain-Damerell, C.M.#Walsh, M.A.#von Delft, F.","34393.77","Protein","306","2409","10.2210/pdb5r7z/pdb"
"5R80","PanDDA analysis group deposition -- Crystal Structure of COVID-19 main protease in complex with Z18197050","X-RAY DIFFRACTION","","1.93","HYDROLASE/HYDROLASE INHIBITOR","2020-03-11","2020-03-03","2020-03-25","Fearon, D.#Powell, A.J.#Douangamath, A.#Owen, C.D.#Wild, C.#Krojer, T.#Lukacik, P.#Strain-Damerell, C.M.#Walsh, M.A.#von Delft, F.","34353.30","Protein","306","2412","10.2210/pdb5r80/pdb"
"5R81","PanDDA analysis group deposition -- Crystal Structure of COVID-19 main protease in complex with Z1367324110","X-RAY DIFFRACTION","","1.95","HYDROLASE/HYDROLASE INHIBITOR","2020-03-11","2020-03-03","2020-03-25","Fearon, D.#Powell, A.J.#Douangamath, A.#Owen, C.D.#Wild, C.#Krojer, T.#Lukacik, P.#Strain-Damerell, C.M.#Walsh, M.A.#von Delft, F.","34364.38","Protein","306","2401","10.2210/pdb5r81/pdb"
"5R82","PanDDA analysis group deposition -- Crystal Structure of COVID-19 main protease in complex with Z219104216","X-RAY DIFFRACTION","","1.31","HYDROLASE/HYDROLASE INHIBITOR","2020-03-11","2020-03-03","2020-03-25","Fearon, D.#Powell, A.J.#Douangamath, A.#Owen, C.D.#Wild, C.#Krojer, T.#Lukacik, P.#Strain-Damerell, C.M.#Walsh, M.A.#von Delft, F.","34285.26","Protein","306","2408","10.2210/pdb5r82/pdb"
"5R83","PanDDA analysis group deposition -- Crystal Structure of COVID-19 main protease in complex with Z44592329","X-RAY DIFFRACTION","","1.58","HYDROLASE/HYDROLASE INHIBITOR","2020-03-11","2020-03-03","2020-03-25","Fearon, D.#Powell, A.J.#Douangamath, A.#Owen, C.D.#Wild, C.#Krojer, T.#Lukacik, P.#Strain-Damerell, C.M.#Walsh, M.A.#von Delft, F.","34485.90","Protein","306","2406","10.2210/pdb5r83/pdb"
"5R84","PanDDA analysis group deposition -- Crystal Structure of COVID-19 main protease in complex with Z31792168","X-RAY DIFFRACTION","","1.83","HYDROLASE/HYDROLASE INHIBITOR","2020-03-11","2020-03-03","2020-03-25","Fearon, D.#Powell, A.J.#Douangamath, A.#Owen, C.D.#Wild, C.#Krojer, T.#Lukacik, P.#Strain-Damerell, C.M.#Walsh, M.A.#von Delft, F.","34278.24","Protein","306","2401","10.2210/pdb5r84/pdb"
"5R8T","PanDDA analysis group deposition of ground-state model of SARS-CoV-2 main protease screened against DSI poised (Enamine), Fraglites and Peplites (Newcastle university), Mini Frags (Astex), York 3D (York university), electrophile cysteine covalent (Weizman institute) fragment libraries","X-RAY DIFFRACTION","","1.27","HYDROLASE","2020-04-01","2020-03-03","","Fearon, D.#Owen, C.D.#Douangamath, A.#Lukacik, P.#Powell, A.J.#Strain-Damerell, C.M.#Resnick, E.#Krojer, T.#Gehrtz, P.#Wild, C.#Aimon, A.#Brandao-Neto, J.#Carbery, A.#Dunnett, L.#Skyner, R.#Snee, M.#London, N.#Walsh, M.A.#von Delft, F.","34059.95","Protein","306","2379","10.2210/pdb5r8t/pdb"
"5RE4","PanDDA analysis group deposition -- Crystal Structure of SARS-CoV-2 main protease in complex with Z1129283193","X-RAY DIFFRACTION","","1.88","HYDROLASE/HYDROLASE INHIBITOR","2020-03-25","2020-03-15","","Fearon, D.#Owen, C.D.#Douangamath, A.#Lukacik, P.#Powell, A.J.#Strain-Damerell, C.M.#Resnick, E.#Krojer, T.#Gehrtz, P.#Wild, C.#Aimon, A.#Brandao-Neto, J.#Carbery, A.#Dunnett, L.#Skyner, R.#Snee, M.#London, N.#Walsh, M.A.#von Delft, F.","34210.12","Protein","306","2393","10.2210/pdb5re4/pdb"
"5RE5","PanDDA analysis group deposition -- Crystal Structure of SARS-CoV-2 main protease in complex with Z33545544","X-RAY DIFFRACTION","","2.07","HYDROLASE/HYDROLASE INHIBITOR","2020-03-25","2020-03-15","","Fearon, D.#Owen, C.D.#Douangamath, A.#Lukacik, P.#Powell, A.J.#Strain-Damerell, C.M.#Resnick, E.#Krojer, T.#Gehrtz, P.#Wild, C.#Aimon, A.#Brandao-Neto, J.#Carbery, A.#Dunnett, L.#Skyner, R.#Snee, M.#London, N.#Walsh, M.A.#von Delft, F.","34307.24","Protein","306","2400","10.2210/pdb5re5/pdb"
"5RE6","PanDDA analysis group deposition -- Crystal Structure of SARS-CoV-2 main protease in complex with Z54571979","X-RAY DIFFRACTION","","1.87","HYDROLASE/HYDROLASE INHIBITOR","2020-03-25","2020-03-15","","Fearon, D.#Owen, C.D.#Douangamath, A.#Lukacik, P.#Powell, A.J.#Strain-Damerell, C.M.#Resnick, E.#Krojer, T.#Gehrtz, P.#Wild, C.#Aimon, A.#Brandao-Neto, J.#Carbery, A.#Dunnett, L.#Skyner, R.#Snee, M.#London, N.#Walsh, M.A.#von Delft, F.","34289.18","Protein","306","2399","10.2210/pdb5re6/pdb"
"5RE7","PanDDA analysis group deposition -- Crystal Structure of SARS-CoV-2 main protease in complex with Z30932204","X-RAY DIFFRACTION","","1.79","HYDROLASE/HYDROLASE INHIBITOR","2020-03-25","2020-03-15","","Fearon, D.#Owen, C.D.#Douangamath, A.#Lukacik, P.#Powell, A.J.#Strain-Damerell, C.M.#Resnick, E.#Krojer, T.#Gehrtz, P.#Wild, C.#Aimon, A.#Brandao-Neto, J.#Carbery, A.#Dunnett, L.#Skyner, R.#Snee, M.#London, N.#Walsh, M.A.#von Delft, F.","34366.35","Protein","306","2535","10.2210/pdb5re7/pdb"
"5RE8","PanDDA analysis group deposition -- Crystal Structure of SARS-CoV-2 main protease in complex with Z2737076969","X-RAY DIFFRACTION","","1.81","HYDROLASE/HYDROLASE INHIBITOR","2020-03-25","2020-03-15","","Fearon, D.#Owen, C.D.#Douangamath, A.#Lukacik, P.#Powell, A.J.#Strain-Damerell, C.M.#Resnick, E.#Krojer, T.#Gehrtz, P.#Wild, C.#Aimon, A.#Brandao-Neto, J.#Carbery, A.#Dunnett, L.#Skyner, R.#Snee, M.#London, N.#Walsh, M.A.#von Delft, F.","34265.18","Protein","306","2397","10.2210/pdb5re8/pdb"
"5RE9","PanDDA analysis group deposition -- Crystal Structure of SARS-CoV-2 main protease in complex with Z2856434836","X-RAY DIFFRACTION","","1.72","HYDROLASE/HYDROLASE INHIBITOR","2020-03-25","2020-03-15","","Fearon, D.#Owen, C.D.#Douangamath, A.#Lukacik, P.#Powell, A.J.#Strain-Damerell, C.M.#Resnick, E.#Krojer, T.#Gehrtz, P.#Wild, C.#Aimon, A.#Brandao-Neto, J.#Carbery, A.#Dunnett, L.#Skyner, R.#Snee, M.#London, N.#Walsh, M.A.#von Delft, F.","34465.54","Protein","306","2534","10.2210/pdb5re9/pdb"
"5REA","PanDDA analysis group deposition -- Crystal Structure of SARS-CoV-2 main protease in complex with Z31432226","X-RAY DIFFRACTION","","1.63","HYDROLASE/HYDROLASE INHIBITOR","2020-03-25","2020-03-15","","Fearon, D.#Owen, C.D.#Douangamath, A.#Lukacik, P.#Powell, A.J.#Strain-Damerell, C.M.#Resnick, E.#Krojer, T.#Gehrtz, P.#Wild, C.#Aimon, A.#Brandao-Neto, J.#Carbery, A.#Dunnett, L.#Skyner, R.#Snee, M.#London, N.#Walsh, M.A.#von Delft, F.","34307.23","Protein","306","2527","10.2210/pdb5rea/pdb"
"5REB","PanDDA analysis group deposition -- Crystal Structure of SARS-CoV-2 main protease in complex with Z2856434899","X-RAY DIFFRACTION","","1.68","HYDROLASE/HYDROLASE INHIBITOR","2020-03-25","2020-03-15","","Fearon, D.#Owen, C.D.#Douangamath, A.#Lukacik, P.#Powell, A.J.#Strain-Damerell, C.M.#Resnick, E.#Krojer, T.#Gehrtz, P.#Wild, C.#Aimon, A.#Brandao-Neto, J.#Carbery, A.#Dunnett, L.#Skyner, R.#Snee, M.#London, N.#Walsh, M.A.#von Delft, F.","34257.24","Protein","306","2395","10.2210/pdb5reb/pdb"
"5REC","PanDDA analysis group deposition -- Crystal Structure of SARS-CoV-2 main protease in complex with Z1587220559","X-RAY DIFFRACTION","","1.73","HYDROLASE/HYDROLASE INHIBITOR","2020-03-25","2020-03-15","","Fearon, D.#Owen, C.D.#Douangamath, A.#Lukacik, P.#Powell, A.J.#Strain-Damerell, C.M.#Resnick, E.#Krojer, T.#Gehrtz, P.#Wild, C.#Aimon, A.#Brandao-Neto, J.#Carbery, A.#Dunnett, L.#Skyner, R.#Snee, M.#London, N.#Walsh, M.A.#von Delft, F.","34377.35","Protein","306","2404","10.2210/pdb5rec/pdb"
"5RED","PanDDA analysis group deposition -- Crystal Structure of SARS-CoV-2 main protease in complex with Z2856434865","X-RAY DIFFRACTION","","1.47","HYDROLASE/HYDROLASE INHIBITOR","2020-03-25","2020-03-15","","Fearon, D.#Owen, C.D.#Douangamath, A.#Lukacik, P.#Powell, A.J.#Strain-Damerell, C.M.#Resnick, E.#Krojer, T.#Gehrtz, P.#Wild, C.#Aimon, A.#Brandao-Neto, J.#Carbery, A.#Dunnett, L.#Skyner, R.#Snee, M.#London, N.#Walsh, M.A.#von Delft, F.","34283.28","Protein","306","2535","10.2210/pdb5red/pdb"
"5REE","PanDDA analysis group deposition -- Crystal Structure of SARS-CoV-2 main protease in complex with Z2217052426","X-RAY DIFFRACTION","","1.77","HYDROLASE/HYDROLASE INHIBITOR","2020-03-25","2020-03-15","","Fearon, D.#Owen, C.D.#Douangamath, A.#Lukacik, P.#Powell, A.J.#Strain-Damerell, C.M.#Resnick, E.#Krojer, T.#Gehrtz, P.#Wild, C.#Aimon, A.#Brandao-Neto, J.#Carbery, A.#Dunnett, L.#Skyner, R.#Snee, M.#London, N.#Walsh, M.A.#von Delft, F.","34265.24","Protein","306","2397","10.2210/pdb5ree/pdb"
"5REF","PanDDA analysis group deposition -- Crystal Structure of SARS-CoV-2 main protease in complex with Z24758179","X-RAY DIFFRACTION","","1.61","HYDROLASE/HYDROLASE INHIBITOR","2020-03-25","2020-03-15","","Fearon, D.#Owen, C.D.#Douangamath, A.#Lukacik, P.#Powell, A.J.#Strain-Damerell, C.M.#Resnick, E.#Krojer, T.#Gehrtz, P.#Wild, C.#Aimon, A.#Brandao-Neto, J.#Carbery, A.#Dunnett, L.#Skyner, R.#Snee, M.#London, N.#Walsh, M.A.#von Delft, F.","34289.20","Protein","306","2397","10.2210/pdb5ref/pdb"
"5REG","PanDDA analysis group deposition -- Crystal Structure of SARS-CoV-2 main protease in complex with Z1545313172","X-RAY DIFFRACTION","","1.67","HYDROLASE/HYDROLASE INHIBITOR","2020-03-25","2020-03-15","","Fearon, D.#Owen, C.D.#Douangamath, A.#Lukacik, P.#Powell, A.J.#Strain-Damerell, C.M.#Resnick, E.#Krojer, T.#Gehrtz, P.#Wild, C.#Aimon, A.#Brandao-Neto, J.#Carbery, A.#Dunnett, L.#Skyner, R.#Snee, M.#London, N.#Walsh, M.A.#von Delft, F.","34294.20","Protein","306","2533","10.2210/pdb5reg/pdb"
"5REH","PanDDA analysis group deposition -- Crystal Structure of SARS-CoV-2 main protease in complex with Z111507846","X-RAY DIFFRACTION","","1.80","HYDROLASE/HYDROLASE INHIBITOR","2020-03-25","2020-03-15","","Fearon, D.#Owen, C.D.#Douangamath, A.#Lukacik, P.#Powell, A.J.#Strain-Damerell, C.M.#Resnick, E.#Krojer, T.#Gehrtz, P.#Wild, C.#Aimon, A.#Brandao-Neto, J.#Carbery, A.#Dunnett, L.#Skyner, R.#Snee, M.#London, N.#Walsh, M.A.#von Delft, F.","34385.41","Protein","306","2404","10.2210/pdb5reh/pdb"
"5REI","PanDDA analysis group deposition -- Crystal Structure of SARS-CoV-2 main protease in complex with Z2856434856","X-RAY DIFFRACTION","","1.82","HYDROLASE/HYDROLASE INHIBITOR","2020-03-25","2020-03-15","","Fearon, D.#Owen, C.D.#Douangamath, A.#Lukacik, P.#Powell, A.J.#Strain-Damerell, C.M.#Resnick, E.#Krojer, T.#Gehrtz, P.#Wild, C.#Aimon, A.#Brandao-Neto, J.#Carbery, A.#Dunnett, L.#Skyner, R.#Snee, M.#London, N.#Walsh, M.A.#von Delft, F.","34271.63","Protein","306","2396","10.2210/pdb5rei/pdb"
"5REJ","PanDDA analysis group deposition -- Crystal Structure of SARS-CoV-2 main protease in complex with PCM-0102241","X-RAY DIFFRACTION","","1.72","HYDROLASE/HYDROLASE INHIBITOR","2020-03-25","2020-03-15","","Fearon, D.#Owen, C.D.#Douangamath, A.#Lukacik, P.#Powell, A.J.#Strain-Damerell, C.M.#Resnick, E.#Krojer, T.#Gehrtz, P.#Wild, C.#Aimon, A.#Brandao-Neto, J.#Carbery, A.#Dunnett, L.#Skyner, R.#Snee, M.#London, N.#Walsh, M.A.#von Delft, F.","34412.44","Protein","306","2403","10.2210/pdb5rej/pdb"
"5REK","PanDDA analysis group deposition -- Crystal Structure of SARS-CoV-2 main protease in complex with PCM-0102327","X-RAY DIFFRACTION","","1.74","HYDROLASE/HYDROLASE INHIBITOR","2020-03-25","2020-03-15","","Fearon, D.#Owen, C.D.#Douangamath, A.#Lukacik, P.#Powell, A.J.#Strain-Damerell, C.M.#Resnick, E.#Krojer, T.#Gehrtz, P.#Wild, C.#Aimon, A.#Brandao-Neto, J.#Carbery, A.#Dunnett, L.#Skyner, R.#Snee, M.#London, N.#Walsh, M.A.#von Delft, F.","34346.27","Protein","306","2401","10.2210/pdb5rek/pdb"
"5REL","PanDDA analysis group deposition -- Crystal Structure of SARS-CoV-2 main protease in complex with PCM-0102340","X-RAY DIFFRACTION","","1.62","HYDROLASE/HYDROLASE INHIBITOR","2020-03-25","2020-03-15","","Fearon, D.#Owen, C.D.#Douangamath, A.#Lukacik, P.#Powell, A.J.#Strain-Damerell, C.M.#Resnick, E.#Krojer, T.#Gehrtz, P.#Wild, C.#Aimon, A.#Brandao-Neto, J.#Carbery, A.#Dunnett, L.#Skyner, R.#Snee, M.#London, N.#Walsh, M.A.#von Delft, F.","34292.27","Protein","306","2399","10.2210/pdb5rel/pdb"
"5REM","PanDDA analysis group deposition -- Crystal Structure of SARS-CoV-2 main protease in complex with PCM-0103016","X-RAY DIFFRACTION","","1.96","HYDROLASE/HYDROLASE INHIBITOR","2020-03-25","2020-03-15","2020-04-01","Fearon, D.#Owen, C.D.#Douangamath, A.#Lukacik, P.#Powell, A.J.#Strain-Damerell, C.M.#Resnick, E.#Krojer, T.#Gehrtz, P.#Wild, C.#Aimon, A.#Brandao-Neto, J.#Carbery, A.#Dunnett, L.#Skyner, R.#Snee, M.#London, N.#Walsh, M.A.#von Delft, F.","34309.21","Protein","306","2400","10.2210/pdb5rem/pdb"
"5REN","PanDDA analysis group deposition -- Crystal Structure of SARS-CoV-2 main protease in complex with PCM-0102425","X-RAY DIFFRACTION","","2.15","HYDROLASE/HYDROLASE INHIBITOR","2020-03-25","2020-03-15","","Fearon, D.#Owen, C.D.#Douangamath, A.#Lukacik, P.#Powell, A.J.#Strain-Damerell, C.M.#Resnick, E.#Krojer, T.#Gehrtz, P.#Wild, C.#Aimon, A.#Brandao-Neto, J.#Carbery, A.#Dunnett, L.#Skyner, R.#Snee, M.#London, N.#Walsh, M.A.#von Delft, F.","34320.30","Protein","306","2400","10.2210/pdb5ren/pdb"
"5REO","PanDDA analysis group deposition -- Crystal Structure of SARS-CoV-2 main protease in complex with PCM-0102578","X-RAY DIFFRACTION","","1.88","HYDROLASE/HYDROLASE INHIBITOR","2020-03-25","2020-03-15","","Fearon, D.#Owen, C.D.#Douangamath, A.#Lukacik, P.#Powell, A.J.#Strain-Damerell, C.M.#Resnick, E.#Krojer, T.#Gehrtz, P.#Wild, C.#Aimon, A.#Brandao-Neto, J.#Carbery, A.#Dunnett, L.#Skyner, R.#Snee, M.#London, N.#Walsh, M.A.#von Delft, F.","34253.14","Protein","306","2396","10.2210/pdb5reo/pdb"
"5REP","PanDDA analysis group deposition -- Crystal Structure of SARS-CoV-2 main protease in complex with PCM-0102201","X-RAY DIFFRACTION","","1.81","HYDROLASE/HYDROLASE INHIBITOR","2020-03-25","2020-03-15","","Fearon, D.#Owen, C.D.#Douangamath, A.#Lukacik, P.#Powell, A.J.#Strain-Damerell, C.M.#Resnick, E.#Krojer, T.#Gehrtz, P.#Wild, C.#Aimon, A.#Brandao-Neto, J.#Carbery, A.#Dunnett, L.#Skyner, R.#Snee, M.#London, N.#Walsh, M.A.#von Delft, F.","34442.39","Protein","306","2406","10.2210/pdb5rep/pdb"
"5RER","PanDDA analysis group deposition -- Crystal Structure of SARS-CoV-2 main protease in complex with PCM-0102615","X-RAY DIFFRACTION","","1.88","HYDROLASE/HYDROLASE INHIBITOR","2020-03-25","2020-03-15","","Fearon, D.#Owen, C.D.#Douangamath, A.#Lukacik, P.#Powell, A.J.#Strain-Damerell, C.M.#Resnick, E.#Krojer, T.#Gehrtz, P.#Wild, C.#Aimon, A.#Brandao-Neto, J.#Carbery, A.#Dunnett, L.#Skyner, R.#Snee, M.#London, N.#Walsh, M.A.#von Delft, F.","34283.19","Protein","306","2398","10.2210/pdb5rer/pdb"
"5RES","PanDDA analysis group deposition -- Crystal Structure of SARS-CoV-2 main protease in complex with PCM-0102281","X-RAY DIFFRACTION","","1.65","HYDROLASE/HYDROLASE INHIBITOR","2020-03-25","2020-03-15","","Fearon, D.#Owen, C.D.#Douangamath, A.#Lukacik, P.#Powell, A.J.#Strain-Damerell, C.M.#Resnick, E.#Krojer, T.#Gehrtz, P.#Wild, C.#Aimon, A.#Brandao-Neto, J.#Carbery, A.#Dunnett, L.#Skyner, R.#Snee, M.#London, N.#Walsh, M.A.#von Delft, F.","34346.27","Protein","306","2401","10.2210/pdb5res/pdb"
"5RET","PanDDA analysis group deposition -- Crystal Structure of SARS-CoV-2 main protease in complex with PCM-0102269","X-RAY DIFFRACTION","","1.68","HYDROLASE/HYDROLASE INHIBITOR","2020-03-25","2020-03-15","","Fearon, D.#Owen, C.D.#Douangamath, A.#Lukacik, P.#Powell, A.J.#Strain-Damerell, C.M.#Resnick, E.#Krojer, T.#Gehrtz, P.#Wild, C.#Aimon, A.#Brandao-Neto, J.#Carbery, A.#Dunnett, L.#Skyner, R.#Snee, M.#London, N.#Walsh, M.A.#von Delft, F.","34390.82","Protein","306","2403","10.2210/pdb5ret/pdb"
"5REU","PanDDA analysis group deposition -- Crystal Structure of SARS-CoV-2 main protease in complex with PCM-0102395","X-RAY DIFFRACTION","","1.69","HYDROLASE/HYDROLASE INHIBITOR","2020-03-25","2020-03-15","","Fearon, D.#Owen, C.D.#Douangamath, A.#Lukacik, P.#Powell, A.J.#Strain-Damerell, C.M.#Resnick, E.#Krojer, T.#Gehrtz, P.#Wild, C.#Aimon, A.#Brandao-Neto, J.#Carbery, A.#Dunnett, L.#Skyner, R.#Snee, M.#London, N.#Walsh, M.A.#von Delft, F.","34431.42","Protein","306","2406","10.2210/pdb5reu/pdb"
"5REV","PanDDA analysis group deposition -- Crystal Structure of SARS-CoV-2 main protease in complex with PCM-0103072","X-RAY DIFFRACTION","","1.60","HYDROLASE/HYDROLASE INHIBITOR","2020-03-25","2020-03-15","","Fearon, D.#Owen, C.D.#Douangamath, A.#Lukacik, P.#Powell, A.J.#Strain-Damerell, C.M.#Resnick, E.#Krojer, T.#Gehrtz, P.#Wild, C.#Aimon, A.#Brandao-Neto, J.#Carbery, A.#Dunnett, L.#Skyner, R.#Snee, M.#London, N.#Walsh, M.A.#von Delft, F.","34324.29","Protein","306","2400","10.2210/pdb5rev/pdb"
"5REW","PanDDA analysis group deposition -- Crystal Structure of SARS-CoV-2 main protease in complex with PCM-0102275","X-RAY DIFFRACTION","","1.55","HYDROLASE/HYDROLASE INHIBITOR","2020-03-25","2020-03-15","","Fearon, D.#Owen, C.D.#Douangamath, A.#Lukacik, P.#Powell, A.J.#Strain-Damerell, C.M.#Resnick, E.#Krojer, T.#Gehrtz, P.#Wild, C.#Aimon, A.#Brandao-Neto, J.#Carbery, A.#Dunnett, L.#Skyner, R.#Snee, M.#London, N.#Walsh, M.A.#von Delft, F.","34273.22","Protein","306","2398","10.2210/pdb5rew/pdb"
"5REX","PanDDA analysis group deposition -- Crystal Structure of SARS-CoV-2 main protease in complex with PCM-0102287","X-RAY DIFFRACTION","","2.07","HYDROLASE/HYDROLASE INHIBITOR","2020-03-25","2020-03-15","","Fearon, D.#Owen, C.D.#Douangamath, A.#Lukacik, P.#Powell, A.J.#Strain-Damerell, C.M.#Resnick, E.#Krojer, T.#Gehrtz, P.#Wild, C.#Aimon, A.#Brandao-Neto, J.#Carbery, A.#Dunnett, L.#Skyner, R.#Snee, M.#London, N.#Walsh, M.A.#von Delft, F.","34406.43","Protein","306","2406","10.2210/pdb5rex/pdb"
"5REY","PanDDA analysis group deposition -- Crystal Structure of SARS-CoV-2 main protease in complex with PCM-0102911","X-RAY DIFFRACTION","","1.96","HYDROLASE/HYDROLASE INHIBITOR","2020-03-25","2020-03-15","","Fearon, D.#Owen, C.D.#Douangamath, A.#Lukacik, P.#Powell, A.J.#Strain-Damerell, C.M.#Resnick, E.#Krojer, T.#Gehrtz, P.#Wild, C.#Aimon, A.#Brandao-Neto, J.#Carbery, A.#Dunnett, L.#Skyner, R.#Snee, M.#London, N.#Walsh, M.A.#von Delft, F.","34306.29","Protein","306","2400","10.2210/pdb5rey/pdb"
"5REZ","PanDDA analysis group deposition -- Crystal Structure of SARS-CoV-2 main protease in complex with POB0129","X-RAY DIFFRACTION","","1.79","HYDROLASE/HYDROLASE INHIBITOR","2020-03-25","2020-03-15","","Fearon, D.#Owen, C.D.#Douangamath, A.#Lukacik, P.#Powell, A.J.#Strain-Damerell, C.M.#Resnick, E.#Krojer, T.#Gehrtz, P.#Wild, C.#Aimon, A.#Brandao-Neto, J.#Carbery, A.#Dunnett, L.#Skyner, R.#Snee, M.#London, N.#Walsh, M.A.#von Delft, F.","34255.23","Protein","306","2395","10.2210/pdb5rez/pdb"
"5RF0","PanDDA analysis group deposition -- Crystal Structure of SARS-CoV-2 main protease in complex with POB0073","X-RAY DIFFRACTION","","1.65","HYDROLASE/HYDROLASE INHIBITOR","2020-03-25","2020-03-15","","Fearon, D.#Owen, C.D.#Douangamath, A.#Lukacik, P.#Powell, A.J.#Strain-Damerell, C.M.#Resnick, E.#Krojer, T.#Gehrtz, P.#Wild, C.#Aimon, A.#Brandao-Neto, J.#Carbery, A.#Dunnett, L.#Skyner, R.#Snee, M.#London, N.#Walsh, M.A.#von Delft, F.","34237.19","Protein","306","2395","10.2210/pdb5rf0/pdb"
"5RF1","PanDDA analysis group deposition -- Crystal Structure of SARS-CoV-2 main protease in complex with NCL-00023830","X-RAY DIFFRACTION","","1.73","HYDROLASE/HYDROLASE INHIBITOR","2020-03-25","2020-03-15","","Fearon, D.#Owen, C.D.#Douangamath, A.#Lukacik, P.#Powell, A.J.#Strain-Damerell, C.M.#Resnick, E.#Krojer, T.#Gehrtz, P.#Wild, C.#Aimon, A.#Brandao-Neto, J.#Carbery, A.#Dunnett, L.#Skyner, R.#Snee, M.#London, N.#Walsh, M.A.#von Delft, F.","34374.16","Protein","306","2397","10.2210/pdb5rf1/pdb"
"5RF2","PanDDA analysis group deposition -- Crystal Structure of SARS-CoV-2 main protease in complex with Z1741969146","X-RAY DIFFRACTION","","1.53","HYDROLASE/HYDROLASE INHIBITOR","2020-03-25","2020-03-15","","Fearon, D.#Owen, C.D.#Douangamath, A.#Lukacik, P.#Powell, A.J.#Strain-Damerell, C.M.#Resnick, E.#Krojer, T.#Gehrtz, P.#Wild, C.#Aimon, A.#Brandao-Neto, J.#Carbery, A.#Dunnett, L.#Skyner, R.#Snee, M.#London, N.#Walsh, M.A.#von Delft, F.","34133.06","Protein","306","2387","10.2210/pdb5rf2/pdb"
"5RF3","PanDDA analysis group deposition -- Crystal Structure of SARS-CoV-2 main protease in complex with Z1741970824","X-RAY DIFFRACTION","","1.50","HYDROLASE/HYDROLASE INHIBITOR","2020-03-25","2020-03-15","","Fearon, D.#Owen, C.D.#Douangamath, A.#Lukacik, P.#Powell, A.J.#Strain-Damerell, C.M.#Resnick, E.#Krojer, T.#Gehrtz, P.#Wild, C.#Aimon, A.#Brandao-Neto, J.#Carbery, A.#Dunnett, L.#Skyner, R.#Snee, M.#London, N.#Walsh, M.A.#von Delft, F.","34155.05","Protein","306","2389","10.2210/pdb5rf3/pdb"
"5RF4","PanDDA analysis group deposition -- Crystal Structure of SARS-CoV-2 main protease in complex with Z1741982125","X-RAY DIFFRACTION","","1.61","HYDROLASE/HYDROLASE INHIBITOR","2020-03-25","2020-03-15","","Fearon, D.#Owen, C.D.#Douangamath, A.#Lukacik, P.#Powell, A.J.#Strain-Damerell, C.M.#Resnick, E.#Krojer, T.#Gehrtz, P.#Wild, C.#Aimon, A.#Brandao-Neto, J.#Carbery, A.#Dunnett, L.#Skyner, R.#Snee, M.#London, N.#Walsh, M.A.#von Delft, F.","34155.05","Protein","306","2459","10.2210/pdb5rf4/pdb"
"5RF5","PanDDA analysis group deposition -- Crystal Structure of SARS-CoV-2 main protease in complex with Z3241250482","X-RAY DIFFRACTION","","1.74","HYDROLASE/HYDROLASE INHIBITOR","2020-03-25","2020-03-15","","Fearon, D.#Owen, C.D.#Douangamath, A.#Lukacik, P.#Powell, A.J.#Strain-Damerell, C.M.#Resnick, E.#Krojer, T.#Gehrtz, P.#Wild, C.#Aimon, A.#Brandao-Neto, J.#Carbery, A.#Dunnett, L.#Skyner, R.#Snee, M.#London, N.#Walsh, M.A.#von Delft, F.","34182.09","Protein","306","2389","10.2210/pdb5rf5/pdb"
"5RF6","PanDDA analysis group deposition -- Crystal Structure of SARS-CoV-2 main protease in complex with Z1348371854","X-RAY DIFFRACTION","","1.45","HYDROLASE/HYDROLASE INHIBITOR","2020-03-25","2020-03-15","","Fearon, D.#Owen, C.D.#Douangamath, A.#Lukacik, P.#Powell, A.J.#Strain-Damerell, C.M.#Resnick, E.#Krojer, T.#Gehrtz, P.#Wild, C.#Aimon, A.#Brandao-Neto, J.#Carbery, A.#Dunnett, L.#Skyner, R.#Snee, M.#London, N.#Walsh, M.A.#von Delft, F.","34341.32","Protein","306","2401","10.2210/pdb5rf6/pdb"
"5RF7","PanDDA analysis group deposition -- Crystal Structure of SARS-CoV-2 main protease in complex with Z316425948_minor","X-RAY DIFFRACTION","","1.54","HYDROLASE/HYDROLASE INHIBITOR","2020-03-25","2020-03-15","","Fearon, D.#Owen, C.D.#Douangamath, A.#Lukacik, P.#Powell, A.J.#Strain-Damerell, C.M.#Resnick, E.#Krojer, T.#Gehrtz, P.#Wild, C.#Aimon, A.#Brandao-Neto, J.#Carbery, A.#Dunnett, L.#Skyner, R.#Snee, M.#London, N.#Walsh, M.A.#von Delft, F.","34318.27","Protein","306","2447","10.2210/pdb5rf7/pdb"
"5RF8","PanDDA analysis group deposition -- Crystal Structure of SARS-CoV-2 main protease in complex with Z271004858","X-RAY DIFFRACTION","","1.44","HYDROLASE/HYDROLASE INHIBITOR","2020-03-25","2020-03-15","","Fearon, D.#Owen, C.D.#Douangamath, A.#Lukacik, P.#Powell, A.J.#Strain-Damerell, C.M.#Resnick, E.#Krojer, T.#Gehrtz, P.#Wild, C.#Aimon, A.#Brandao-Neto, J.#Carbery, A.#Dunnett, L.#Skyner, R.#Snee, M.#London, N.#Walsh, M.A.#von Delft, F.","34309.23","Protein","306","2399","10.2210/pdb5rf8/pdb"
"5RF9","PanDDA analysis group deposition -- Crystal Structure of SARS-CoV-2 main protease in complex with Z217038356","X-RAY DIFFRACTION","","1.43","HYDROLASE/HYDROLASE INHIBITOR","2020-03-25","2020-03-15","","Fearon, D.#Owen, C.D.#Douangamath, A.#Lukacik, P.#Powell, A.J.#Strain-Damerell, C.M.#Resnick, E.#Krojer, T.#Gehrtz, P.#Wild, C.#Aimon, A.#Brandao-Neto, J.#Carbery, A.#Dunnett, L.#Skyner, R.#Snee, M.#London, N.#Walsh, M.A.#von Delft, F.","34269.19","Protein","306","2397","10.2210/pdb5rf9/pdb"
"5RFA","PanDDA analysis group deposition -- Crystal Structure of SARS-CoV-2 main protease in complex with Z2643472210","X-RAY DIFFRACTION","","1.52","HYDROLASE/HYDROLASE INHIBITOR","2020-03-25","2020-03-15","","Fearon, D.#Owen, C.D.#Douangamath, A.#Lukacik, P.#Powell, A.J.#Strain-Damerell, C.M.#Resnick, E.#Krojer, T.#Gehrtz, P.#Wild, C.#Aimon, A.#Brandao-Neto, J.#Carbery, A.#Dunnett, L.#Skyner, R.#Snee, M.#London, N.#Walsh, M.A.#von Delft, F.","34191.06","Protein","306","2421","10.2210/pdb5rfa/pdb"
"5RFB","PanDDA analysis group deposition -- Crystal Structure of SARS-CoV-2 main protease in complex with Z1271660837","X-RAY DIFFRACTION","","1.48","HYDROLASE/HYDROLASE INHIBITOR","2020-03-25","2020-03-15","","Fearon, D.#Owen, C.D.#Douangamath, A.#Lukacik, P.#Powell, A.J.#Strain-Damerell, C.M.#Resnick, E.#Krojer, T.#Gehrtz, P.#Wild, C.#Aimon, A.#Brandao-Neto, J.#Carbery, A.#Dunnett, L.#Skyner, R.#Snee, M.#London, N.#Walsh, M.A.#von Delft, F.","34200.13","Protein","306","2392","10.2210/pdb5rfb/pdb"
"5RFC","PanDDA analysis group deposition -- Crystal Structure of SARS-CoV-2 main protease in complex with Z979145504","X-RAY DIFFRACTION","","1.40","HYDROLASE/HYDROLASE INHIBITOR","2020-03-25","2020-03-15","","Fearon, D.#Owen, C.D.#Douangamath, A.#Lukacik, P.#Powell, A.J.#Strain-Damerell, C.M.#Resnick, E.#Krojer, T.#Gehrtz, P.#Wild, C.#Aimon, A.#Brandao-Neto, J.#Carbery, A.#Dunnett, L.#Skyner, R.#Snee, M.#London, N.#Walsh, M.A.#von Delft, F.","34308.25","Protein","306","2445","10.2210/pdb5rfc/pdb"
"5RFD","PanDDA analysis group deposition -- Crystal Structure of SARS-CoV-2 main protease in complex with Z126932614","X-RAY DIFFRACTION","","1.41","HYDROLASE/HYDROLASE INHIBITOR","2020-03-25","2020-03-15","","Fearon, D.#Owen, C.D.#Douangamath, A.#Lukacik, P.#Powell, A.J.#Strain-Damerell, C.M.#Resnick, E.#Krojer, T.#Gehrtz, P.#Wild, C.#Aimon, A.#Brandao-Neto, J.#Carbery, A.#Dunnett, L.#Skyner, R.#Snee, M.#London, N.#Walsh, M.A.#von Delft, F.","34270.20","Protein","306","2396","10.2210/pdb5rfd/pdb"
"5RFE","PanDDA analysis group deposition -- Crystal Structure of SARS-CoV-2 main protease in complex with Z509756472","X-RAY DIFFRACTION","","1.46","HYDROLASE/HYDROLASE INHIBITOR","2020-03-25","2020-03-15","","Fearon, D.#Owen, C.D.#Douangamath, A.#Lukacik, P.#Powell, A.J.#Strain-Damerell, C.M.#Resnick, E.#Krojer, T.#Gehrtz, P.#Wild, C.#Aimon, A.#Brandao-Neto, J.#Carbery, A.#Dunnett, L.#Skyner, R.#Snee, M.#London, N.#Walsh, M.A.#von Delft, F.","34305.22","Protein","306","2446","10.2210/pdb5rfe/pdb"
"5RFF","PanDDA analysis group deposition -- Crystal Structure of SARS-CoV-2 main protease in complex with PCM-0102704","X-RAY DIFFRACTION","","1.78","HYDROLASE/HYDROLASE INHIBITOR","2020-03-25","2020-03-15","","Fearon, D.#Owen, C.D.#Douangamath, A.#Lukacik, P.#Powell, A.J.#Strain-Damerell, C.M.#Resnick, E.#Krojer, T.#Gehrtz, P.#Wild, C.#Aimon, A.#Brandao-Neto, J.#Carbery, A.#Dunnett, L.#Skyner, R.#Snee, M.#London, N.#Walsh, M.A.#von Delft, F.","34362.72","Protein","306","2401","10.2210/pdb5rff/pdb"
"5RFG","PanDDA analysis group deposition -- Crystal Structure of SARS-CoV-2 main protease in complex with PCM-0102372","X-RAY DIFFRACTION","","2.32","HYDROLASE/HYDROLASE INHIBITOR","2020-03-25","2020-03-15","","Fearon, D.#Owen, C.D.#Douangamath, A.#Lukacik, P.#Powell, A.J.#Strain-Damerell, C.M.#Resnick, E.#Krojer, T.#Gehrtz, P.#Wild, C.#Aimon, A.#Brandao-Neto, J.#Carbery, A.#Dunnett, L.#Skyner, R.#Snee, M.#London, N.#Walsh, M.A.#von Delft, F.","34311.25","Protein","306","2469","10.2210/pdb5rfg/pdb"
"5RFH","PanDDA analysis group deposition -- Crystal Structure of SARS-CoV-2 main protease in complex with PCM-0102277","X-RAY DIFFRACTION","","1.58","HYDROLASE/HYDROLASE INHIBITOR","2020-03-25","2020-03-15","","Fearon, D.#Owen, C.D.#Douangamath, A.#Lukacik, P.#Powell, A.J.#Strain-Damerell, C.M.#Resnick, E.#Krojer, T.#Gehrtz, P.#Wild, C.#Aimon, A.#Brandao-Neto, J.#Carbery, A.#Dunnett, L.#Skyner, R.#Snee, M.#London, N.#Walsh, M.A.#von Delft, F.","34318.71","Protein","306","2398","10.2210/pdb5rfh/pdb"
"5RFI","PanDDA analysis group deposition -- Crystal Structure of SARS-CoV-2 main protease in complex with PCM-0102353","X-RAY DIFFRACTION","","1.69","HYDROLASE/HYDROLASE INHIBITOR","2020-03-25","2020-03-15","","Fearon, D.#Owen, C.D.#Douangamath, A.#Lukacik, P.#Powell, A.J.#Strain-Damerell, C.M.#Resnick, E.#Krojer, T.#Gehrtz, P.#Wild, C.#Aimon, A.#Brandao-Neto, J.#Carbery, A.#Dunnett, L.#Skyner, R.#Snee, M.#London, N.#Walsh, M.A.#von Delft, F.","34356.33","Protein","306","2448","10.2210/pdb5rfi/pdb"
"5RFJ","PanDDA analysis group deposition -- Crystal Structure of SARS-CoV-2 main protease in complex with PCM-0103067","X-RAY DIFFRACTION","","1.80","HYDROLASE/HYDROLASE INHIBITOR","2020-03-25","2020-03-15","","Fearon, D.#Owen, C.D.#Douangamath, A.#Lukacik, P.#Powell, A.J.#Strain-Damerell, C.M.#Resnick, E.#Krojer, T.#Gehrtz, P.#Wild, C.#Aimon, A.#Brandao-Neto, J.#Carbery, A.#Dunnett, L.#Skyner, R.#Snee, M.#London, N.#Walsh, M.A.#von Delft, F.","34282.21","Protein","306","2443","10.2210/pdb5rfj/pdb"
"5RFK","PanDDA analysis group deposition -- Crystal Structure of SARS-CoV-2 main protease in complex with PCM-0102575","X-RAY DIFFRACTION","","1.75","HYDROLASE/HYDROLASE INHIBITOR","2020-03-25","2020-03-15","","Fearon, D.#Owen, C.D.#Douangamath, A.#Lukacik, P.#Powell, A.J.#Strain-Damerell, C.M.#Resnick, E.#Krojer, T.#Gehrtz, P.#Wild, C.#Aimon, A.#Brandao-Neto, J.#Carbery, A.#Dunnett, L.#Skyner, R.#Snee, M.#London, N.#Walsh, M.A.#von Delft, F.","34306.25","Protein","306","2400","10.2210/pdb5rfk/pdb"
"5RFL","PanDDA analysis group deposition -- Crystal Structure of SARS-CoV-2 main protease in complex with PCM-0102389","X-RAY DIFFRACTION","","1.64","HYDROLASE/HYDROLASE INHIBITOR","2020-03-25","2020-03-15","","Fearon, D.#Owen, C.D.#Douangamath, A.#Lukacik, P.#Powell, A.J.#Strain-Damerell, C.M.#Resnick, E.#Krojer, T.#Gehrtz, P.#Wild, C.#Aimon, A.#Brandao-Neto, J.#Carbery, A.#Dunnett, L.#Skyner, R.#Snee, M.#London, N.#Walsh, M.A.#von Delft, F.","34322.25","Protein","306","2401","10.2210/pdb5rfl/pdb"
"5RFM","PanDDA analysis group deposition -- Crystal Structure of SARS-CoV-2 main protease in complex with PCM-0102539","X-RAY DIFFRACTION","","2.06","HYDROLASE/HYDROLASE INHIBITOR","2020-03-25","2020-03-15","","Fearon, D.#Owen, C.D.#Douangamath, A.#Lukacik, P.#Powell, A.J.#Strain-Damerell, C.M.#Resnick, E.#Krojer, T.#Gehrtz, P.#Wild, C.#Aimon, A.#Brandao-Neto, J.#Carbery, A.#Dunnett, L.#Skyner, R.#Snee, M.#London, N.#Walsh, M.A.#von Delft, F.","34325.27","Protein","306","2400","10.2210/pdb5rfm/pdb"
"5RFN","PanDDA analysis group deposition -- Crystal Structure of SARS-CoV-2 main protease in complex with PCM-0102868","X-RAY DIFFRACTION","","1.80","HYDROLASE/HYDROLASE INHIBITOR","2020-03-25","2020-03-15","","Fearon, D.#Owen, C.D.#Douangamath, A.#Lukacik, P.#Powell, A.J.#Strain-Damerell, C.M.#Resnick, E.#Krojer, T.#Gehrtz, P.#Wild, C.#Aimon, A.#Brandao-Neto, J.#Carbery, A.#Dunnett, L.#Skyner, R.#Snee, M.#London, N.#Walsh, M.A.#von Delft, F.","34329.24","Protein","306","2400","10.2210/pdb5rfn/pdb"
"5RFO","PanDDA analysis group deposition -- Crystal Structure of SARS-CoV-2 main protease in complex with PCM-0102972","X-RAY DIFFRACTION","","1.83","HYDROLASE/HYDROLASE INHIBITOR","2020-03-25","2020-03-15","","Fearon, D.#Owen, C.D.#Douangamath, A.#Lukacik, P.#Powell, A.J.#Strain-Damerell, C.M.#Resnick, E.#Krojer, T.#Gehrtz, P.#Wild, C.#Aimon, A.#Brandao-Neto, J.#Carbery, A.#Dunnett, L.#Skyner, R.#Snee, M.#London, N.#Walsh, M.A.#von Delft, F.","34298.27","Protein","306","2399","10.2210/pdb5rfo/pdb"
"5RFP","PanDDA analysis group deposition -- Crystal Structure of SARS-CoV-2 main protease in complex with PCM-0102190","X-RAY DIFFRACTION","","2.03","HYDROLASE/HYDROLASE INHIBITOR","2020-03-25","2020-03-15","","Fearon, D.#Owen, C.D.#Douangamath, A.#Lukacik, P.#Powell, A.J.#Strain-Damerell, C.M.#Resnick, E.#Krojer, T.#Gehrtz, P.#Wild, C.#Aimon, A.#Brandao-Neto, J.#Carbery, A.#Dunnett, L.#Skyner, R.#Snee, M.#London, N.#Walsh, M.A.#von Delft, F.","34335.74","Protein","306","2399","10.2210/pdb5rfp/pdb"
"5RFQ","PanDDA analysis group deposition -- Crystal Structure of SARS-CoV-2 main protease in complex with PCM-0102179","X-RAY DIFFRACTION","","1.76","HYDROLASE/HYDROLASE INHIBITOR","2020-03-25","2020-03-15","","Fearon, D.#Owen, C.D.#Douangamath, A.#Lukacik, P.#Powell, A.J.#Strain-Damerell, C.M.#Resnick, E.#Krojer, T.#Gehrtz, P.#Wild, C.#Aimon, A.#Brandao-Neto, J.#Carbery, A.#Dunnett, L.#Skyner, R.#Snee, M.#London, N.#Walsh, M.A.#von Delft, F.","34356.33","Protein","306","2402","10.2210/pdb5rfq/pdb"
"5RFR","PanDDA analysis group deposition -- Crystal Structure of SARS-CoV-2 main protease in complex with PCM-0102169","X-RAY DIFFRACTION","","1.71","HYDROLASE/HYDROLASE INHIBITOR","2020-03-25","2020-03-15","","Fearon, D.#Owen, C.D.#Douangamath, A.#Lukacik, P.#Powell, A.J.#Strain-Damerell, C.M.#Resnick, E.#Krojer, T.#Gehrtz, P.#Wild, C.#Aimon, A.#Brandao-Neto, J.#Carbery, A.#Dunnett, L.#Skyner, R.#Snee, M.#London, N.#Walsh, M.A.#von Delft, F.","34363.16","Protein","306","2398","10.2210/pdb5rfr/pdb"
"5RFS","PanDDA analysis group deposition -- Crystal Structure of SARS-CoV-2 main protease in complex with PCM-0102739","X-RAY DIFFRACTION","","1.70","HYDROLASE/HYDROLASE INHIBITOR","2020-03-25","2020-03-15","","Fearon, D.#Owen, C.D.#Douangamath, A.#Lukacik, P.#Powell, A.J.#Strain-Damerell, C.M.#Resnick, E.#Krojer, T.#Gehrtz, P.#Wild, C.#Aimon, A.#Brandao-Neto, J.#Carbery, A.#Dunnett, L.#Skyner, R.#Snee, M.#London, N.#Walsh, M.A.#von Delft, F.","34362.40","Protein","306","2447","10.2210/pdb5rfs/pdb"
"5RFT","PanDDA analysis group deposition -- Crystal Structure of SARS-CoV-2 main protease in complex with PCM-0102432","X-RAY DIFFRACTION","","1.58","HYDROLASE/HYDROLASE INHIBITOR","2020-03-25","2020-03-15","","Fearon, D.#Owen, C.D.#Douangamath, A.#Lukacik, P.#Powell, A.J.#Strain-Damerell, C.M.#Resnick, E.#Krojer, T.#Gehrtz, P.#Wild, C.#Aimon, A.#Brandao-Neto, J.#Carbery, A.#Dunnett, L.#Skyner, R.#Snee, M.#London, N.#Walsh, M.A.#von Delft, F.","34311.27","Protein","306","2401","10.2210/pdb5rft/pdb"
"5RFU","PanDDA analysis group deposition -- Crystal Structure of SARS-CoV-2 main protease in complex with PCM-0102121","X-RAY DIFFRACTION","","1.53","HYDROLASE/HYDROLASE INHIBITOR","2020-03-25","2020-03-15","","Fearon, D.#Owen, C.D.#Douangamath, A.#Lukacik, P.#Powell, A.J.#Strain-Damerell, C.M.#Resnick, E.#Krojer, T.#Gehrtz, P.#Wild, C.#Aimon, A.#Brandao-Neto, J.#Carbery, A.#Dunnett, L.#Skyner, R.#Snee, M.#London, N.#Walsh, M.A.#von Delft, F.","34446.88","Protein","306","2404","10.2210/pdb5rfu/pdb"
"5RFV","PanDDA analysis group deposition -- Crystal Structure of SARS-CoV-2 main protease in complex with PCM-0102306","X-RAY DIFFRACTION","","1.48","HYDROLASE/HYDROLASE INHIBITOR","2020-03-25","2020-03-15","","Fearon, D.#Owen, C.D.#Douangamath, A.#Lukacik, P.#Powell, A.J.#Strain-Damerell, C.M.#Resnick, E.#Krojer, T.#Gehrtz, P.#Wild, C.#Aimon, A.#Brandao-Neto, J.#Carbery, A.#Dunnett, L.#Skyner, R.#Snee, M.#London, N.#Walsh, M.A.#von Delft, F.","34298.25","Protein","306","2398","10.2210/pdb5rfv/pdb"
"5RFW","PanDDA analysis group deposition -- Crystal Structure of SARS-CoV-2 main protease in complex with PCM-0102243","X-RAY DIFFRACTION","","1.43","HYDROLASE/HYDROLASE INHIBITOR","2020-03-25","2020-03-15","","Fearon, D.#Owen, C.D.#Douangamath, A.#Lukacik, P.#Powell, A.J.#Strain-Damerell, C.M.#Resnick, E.#Krojer, T.#Gehrtz, P.#Wild, C.#Aimon, A.#Brandao-Neto, J.#Carbery, A.#Dunnett, L.#Skyner, R.#Snee, M.#London, N.#Walsh, M.A.#von Delft, F.","34362.40","Protein","306","2401","10.2210/pdb5rfw/pdb"
"5RFX","PanDDA analysis group deposition -- Crystal Structure of SARS-CoV-2 main protease in complex with PCM-0102254","X-RAY DIFFRACTION","","1.55","HYDROLASE/HYDROLASE INHIBITOR","2020-03-25","2020-03-15","","Fearon, D.#Owen, C.D.#Douangamath, A.#Lukacik, P.#Powell, A.J.#Strain-Damerell, C.M.#Resnick, E.#Krojer, T.#Gehrtz, P.#Wild, C.#Aimon, A.#Brandao-Neto, J.#Carbery, A.#Dunnett, L.#Skyner, R.#Snee, M.#London, N.#Walsh, M.A.#von Delft, F.","34294.24","Protein","306","2445","10.2210/pdb5rfx/pdb"
"5RFY","PanDDA analysis group deposition -- Crystal Structure of SARS-CoV-2 main protease in complex with PCM-0102974","X-RAY DIFFRACTION","","1.90","HYDROLASE/HYDROLASE INHIBITOR","2020-03-25","2020-03-15","","Fearon, D.#Owen, C.D.#Douangamath, A.#Lukacik, P.#Powell, A.J.#Strain-Damerell, C.M.#Resnick, E.#Krojer, T.#Gehrtz, P.#Wild, C.#Aimon, A.#Brandao-Neto, J.#Carbery, A.#Dunnett, L.#Skyner, R.#Snee, M.#London, N.#Walsh, M.A.#von Delft, F.","34286.26","Protein","306","2398","10.2210/pdb5rfy/pdb"
"5RFZ","PanDDA analysis group deposition -- Crystal Structure of SARS-CoV-2 main protease in complex with PCM-0102274","X-RAY DIFFRACTION","","1.68","HYDROLASE/HYDROLASE INHIBITOR","2020-03-25","2020-03-15","","Fearon, D.#Owen, C.D.#Douangamath, A.#Lukacik, P.#Powell, A.J.#Strain-Damerell, C.M.#Resnick, E.#Krojer, T.#Gehrtz, P.#Wild, C.#Aimon, A.#Brandao-Neto, J.#Carbery, A.#Dunnett, L.#Skyner, R.#Snee, M.#London, N.#Walsh, M.A.#von Delft, F.","34386.81","Protein","306","2504","10.2210/pdb5rfz/pdb"
"5RG0","PanDDA analysis group deposition -- Crystal Structure of SARS-CoV-2 main protease in complex with PCM-0102535","X-RAY DIFFRACTION","","1.72","HYDROLASE/HYDROLASE INHIBITOR","2020-03-25","2020-03-15","","Fearon, D.#Owen, C.D.#Douangamath, A.#Lukacik, P.#Powell, A.J.#Strain-Damerell, C.M.#Resnick, E.#Krojer, T.#Gehrtz, P.#Wild, C.#Aimon, A.#Brandao-Neto, J.#Carbery, A.#Dunnett, L.#Skyner, R.#Snee, M.#London, N.#Walsh, M.A.#von Delft, F.","34308.29","Protein","306","2444","10.2210/pdb5rg0/pdb"
"6LU7","The crystal structure of COVID-19 main protease in complex with an inhibitor N3","X-RAY DIFFRACTION","","2.16","VIRAL PROTEIN","2020-02-05","2020-01-26","2020-02-12, 2020-02-19, 2020-02-26, 2020-03-11, 2020-03-18","Liu, X.#Zhang, B.#Jin, Z.#Yang, H.#Rao, Z.","34506.34","Protein","312","2416","10.2210/pdb6lu7/pdb"
"6LVN","Structure of the 2019-nCoV HR2 Domain","X-RAY DIFFRACTION","","2.47","VIRAL PROTEIN","2020-02-26","2020-02-04","2020-04-01","Zhu, Y.#Sun, F.","16045.88","Protein","144","1056","10.2210/pdb6lvn/pdb"
"6LXT","Structure of post fusion core of 2019-nCoV S2 subunit","X-RAY DIFFRACTION","","2.90","VIRAL PROTEIN","2020-02-26","2020-02-11","","Zhu, Y.#Sun, F.","84658.01","Protein","792","5237","10.2210/pdb6lxt/pdb"
"6LZG","Structure of novel coronavirus spike receptor-binding domain complexed with its receptor ACE2","X-RAY DIFFRACTION","","2.50","VIRAL PROTEIN","2020-03-18","2020-02-19","","Wang, Q.H.#Song, H.#Qi, J.X.","96055.12","Protein","826","6462","10.2210/pdb6lzg/pdb"
"6M03","The crystal structure of COVID-19 main protease in apo form","X-RAY DIFFRACTION","","2.00","BIOSYNTHETIC PROTEIN","2020-03-11","2020-02-19","","Zhang, B.#Zhao, Y.#Jin, Z.#Liu, X.#Yang, H.#Rao, Z.","33825.55","Protein","306","2367","10.2210/pdb6m03/pdb"
"6M0J","Crystal structure of 2019-nCoV spike receptor-binding domain bound with ACE2","X-RAY DIFFRACTION","","2.45","VIRAL PROTEIN/HYDROLASE","2020-03-18","2020-02-21","","Wang, X.#Lan, J.#Ge, J.#Yu, J.#Shan, S.","96884.02","Protein","832","6476","10.2210/pdb6m0j/pdb"
"6M17","The 2019-nCoV RBD/ACE2-B0AT1 complex","ELECTRON MICROSCOPY","","2.90","MEMBRANE PROTEIN/VIRAL PROTEIN","2020-03-11","2020-02-24","2020-03-18, 2020-04-01","Yan, R.H.#Zhang, Y.Y.#Li, Y.N.#Xia, L.#Guo, Y.Y.#Zhou, Q.","394461.84","Protein","3382","25336","10.2210/pdb6m17/pdb"
"6M3M","Crystal structure of SARS-CoV-2 nucleocapsid protein N-terminal RNA binding domain","X-RAY DIFFRACTION","","2.70","VIRAL PROTEIN","2020-03-18","2020-03-04","","Chen, S.#Kang, S.","59578.36","Protein","544","3819","10.2210/pdb6m3m/pdb"
"6M71","2019-nCoV RNA-dependent RNA polymerase in complex with cofactors","ELECTRON MICROSCOPY","","2.90","VIRAL PROTEIN","2020-04-01","2020-03-16","","Gao, Y.#Yan, L.#Huang, Y.#Liu, F.#Cao, L.#Wang, T.#Wang, Q.#Lou, Z.#Rao, Z.","161217.36","Protein","1421","8541","10.2210/pdb6m71/pdb"
"6VSB","Prefusion 2019-nCoV spike glycoprotein with a single receptor-binding domain up","ELECTRON MICROSCOPY","","3.46","VIRAL PROTEIN","2020-02-26","2020-02-10","2020-03-04, 2020-03-25, 2020-04-01","Wrapp, D.#Wang, N.#Corbett, K.S.#Goldsmith, J.A.#Hsieh, C.#Abiona, O.#Graham, B.S.#McLellan, J.S.","440691.81","Protein","3864","22854","10.2210/pdb6vsb/pdb"
"6VW1","Structure of 2019-nCoV chimeric receptor-binding domain complexed with its receptor human ACE2","X-RAY DIFFRACTION","","2.68","CELL INVASION","2020-03-04","2020-02-18","2020-03-11","Shang, J.#Ye, G.#Shi, K.#Wan, Y.S.#Aihara, H.#Li, F.","193003.45","Protein","1628","13154","10.2210/pdb6vw1/pdb"
"6VWW","Crystal Structure of NSP15 Endoribonuclease from SARS CoV-2.","X-RAY DIFFRACTION","","2.20","VIRAL PROTEIN","2020-03-04","2020-02-20","2020-03-11, 2020-04-01","Kim, Y.#Jedrzejczak, R.#Maltseva, N.#Endres, M.#Godzik, A.#Michalska, K.#Joachimiak, A.#Center for Structural Genomics of Infectious Diseases (CSGID)","84525.38","Protein","742","5663","10.2210/pdb6vww/pdb"
"6VXS","Crystal Structure of ADP ribose phosphatase of NSP3 from SARS CoV-2","X-RAY DIFFRACTION","","2.03","VIRAL PROTEIN","2020-03-04","2020-02-24","2020-03-25","Kim, Y.#Jedrzejczak, R.#Maltseva, N.#Endres, M.#Mececar, A.#Michalska, K.#Joachimiak, A.#Center for Structural Genomics of Infectious Diseases (CSGID)","37956.95","Protein","346","2576","10.2210/pdb6vxs/pdb"
"6VXX","Structure of the SARS-CoV-2 spike glycoprotein (closed state)","ELECTRON MICROSCOPY","","2.80","VIRAL PROTEIN","2020-03-11","2020-02-25","2020-03-25, 2020-04-01","Walls, A.C.#Park, Y.J.#Tortorici, M.A.#Wall, A.#Seattle Structural Genomics Center for Infectious Disease (SSGCID)#McGuire, A.T.#Veesler, D.","438534.50","Protein","3843","23694","10.2210/pdb6vxx/pdb"
"6VYB","SARS-CoV-2 spike ectodomain structure (open state)","ELECTRON MICROSCOPY","","3.20","VIRAL PROTEIN","2020-03-11","2020-02-25","2020-03-25, 2020-04-01","Walls, A.C.#Park, Y.J.#Tortorici, M.A.#Wall, A.#Seattle Structural Genomics Center for Infectious Disease (SSGCID)#McGuire, A.T.#Veesler, D.","437652.66","Protein","3843","22365","10.2210/pdb6vyb/pdb"
"6VYO","Crystal structure of RNA binding domain of nucleocapsid phosphoprotein from SARS coronavirus 2","X-RAY DIFFRACTION","","1.70","VIRAL PROTEIN","2020-03-11","2020-02-27","2020-03-25","Chang, C.#Michalska, K.#Jedrzejczak, R.#Maltseva, N.#Endres, M.#Godzik, A.#Kim, Y.#Joachimiak, A.#Center for Structural Genomics of Infectious Diseases (CSGID)","57787.14","Protein","512","4019","10.2210/pdb6vyo/pdb"
"6W01","The 1.9 A Crystal Structure of NSP15 Endoribonuclease from SARS CoV-2 in the Complex with a Citrate","X-RAY DIFFRACTION","","1.90","VIRAL PROTEIN","2020-03-11","2020-02-28","","Kim, Y.#Jedrzejczak, R.#Maltseva, N.#Endres, M.#Godzik, A.#Michalska, K.#Joachimiak, A.#Center for Structural Genomics of Infectious Diseases (CSGID)","85524.73","Protein","742","5734","10.2210/pdb6w01/pdb"
"6W02","Crystal Structure of ADP ribose phosphatase of NSP3 from SARS CoV-2 in the complex with ADP ribose","X-RAY DIFFRACTION","","1.50","VIRAL PROTEIN","2020-03-11","2020-02-28","","Michalska, K.#Kim, Y.#Jedrzejczak, R.#Maltseva, N.#Endres, M.#Mececar, A.#Joachimiak, A.#Center for Structural Genomics of Infectious Diseases (CSGID)","38276.75","Protein","346","2643","10.2210/pdb6w02/pdb"
"6W41","Crystal structure of SARS-CoV-2 receptor binding domain in complex with human antibody CR3022","X-RAY DIFFRACTION","","3.08","IMMUNE SYSTEM/VIRAL PROTEIN","2020-03-25","2020-03-09","","Yuan, M.#Wu, N.C.#Zhu, X.Y.#Wilson, I.A.","74433.16","Protein","674","4936","10.2210/pdb6w41/pdb"
"6W4B","The crystal structure of Nsp9 RNA binding protein of SARS CoV-2","X-RAY DIFFRACTION","","2.95","REPLICATION, VIRAL PROTEIN","2020-03-18","2020-03-10","2020-03-25","Tan, K.#Kim, Y.#Jedrzejczak, R.#Maltseva, N.#Endres, M.#Michalska, K.#Joachimiak, A.#Center for Structural Genomics of Infectious Diseases (CSGID)","25589.25","Protein","234","1685","10.2210/pdb6w4b/pdb"
"6W4H","1.80 Angstrom Resolution Crystal Structure of NSP16 - NSP10 Complex from SARS-CoV-2","X-RAY DIFFRACTION","","1.80","VIRAL PROTEIN","2020-03-18","2020-03-10","2020-04-01","Minasov, G.#Shuvalova, L.#Rosas-Lemus, M.#Kiryukhina, O.#Wiersum, G.#Godzik, A.#Jaroszewski, L.#Stogios, P.J.#Skarina, T.#Satchell, K.J.F.#Center for Structural Genomics of Infectious Diseases (CSGID)","49790.41","Protein","443","3587","10.2210/pdb6w4h/pdb"
"6W61","Crystal Structure of the methyltransferase-stimulatory factor complex of NSP16 and NSP10 from SARS CoV-2.","X-RAY DIFFRACTION","","2.00","VIRAL PROTEIN","2020-03-25","2020-03-15","","Kim, Y.#Jedrzejczak, R.#Maltseva, N.#Endres, M.#Godzik, A.#Joachimiak, A.#Center for Structural Genomics of Infectious Diseases (CSGID)","49214.48","Protein","439","3388","10.2210/pdb6w61/pdb"
"6W63","Structure of COVID-19 main protease bound to potent broad-spectrum non-covalent inhibitor X77","X-RAY DIFFRACTION","","2.10","VIRAL PROTEIN/INHIBITOR","2020-03-25","2020-03-16","","Mesecar, A.D.#Center for Structural Genomics of Infectious Diseases (CSGID)","34285.13","Protein","306","2392","10.2210/pdb6w63/pdb"
"6W6Y","Crystal Structure of ADP ribose phosphatase of NSP3 from SARS CoV-2 in complex with AMP","X-RAY DIFFRACTION","","1.45","VIRAL PROTEIN, HYDROLASE","2020-03-25","2020-03-18","2020-04-01","Michalska, K.#Kim, Y.#Jedrzejczak, R.#Maltseva, N.#Endres, M.#Mececar, A.#Joachimiak, A.#Center for Structural Genomics of Infectious Diseases (CSGID)","37094.00","Protein","340","2606","10.2210/pdb6w6y/pdb"
"6W75","1.95 Angstrom Resolution Crystal Structure of NSP10 - NSP16 Complex from SARS-CoV-2","X-RAY DIFFRACTION","","1.95","VIRAL PROTEIN","2020-03-25","2020-03-18","2020-04-01","Minasov, G.#Shuvalova, L.#Rosas-Lemus, M.#Kiryukhina, O.#Wiersum, G.#Godzik, A.#Jaroszewski, L.#Stogios, P.J.#Skarina, T.#Satchell, K.J.F.#Center for Structural Genomics of Infectious Diseases (CSGID)","99545.33","Protein","886","6868","10.2210/pdb6w75/pdb"
"6W9C","The crystal structure of papain-like protease of SARS CoV-2","X-RAY DIFFRACTION","","2.70","HYDROLASE","2020-04-01","2020-03-22","","Osipiuk, J.#Jedrzejczak, R.#Tesar, C.#Endres, M.#Stols, L.#Babnigg, G.#Kim, Y.#Michalska, K.#Joachimiak, A.#Center for Structural Genomics of Infectious Diseases (CSGID)","107672.65","Protein","951","7396","10.2210/pdb6w9c/pdb"
"6Y2E","Crystal structure of the free enzyme of the SARS-CoV-2 (2019-nCoV) main protease","X-RAY DIFFRACTION","","1.75","VIRAL PROTEIN","2020-03-04","2020-02-15","2020-03-25, 2020-04-01","Zhang, L.#Sun, X.#Hilgenfeld, R.","33825.55","Protein","306","2372","10.2210/pdb6y2e/pdb"
"6Y2F","Crystal structure (monoclinic form) of the complex resulting from the reaction between SARS-CoV-2 (2019-nCoV) main protease and tert-butyl (1-((S)-1-(((S)-4-(benzylamino)-3,4-dioxo-1-((S)-2-oxopyrrolidin-3-yl)butan-2-yl)amino)-3-cyclopropyl-1-oxopropan-2-yl)-2-oxo-1,2-dihydropyridin-3-yl)carbamate (alpha-ketoamide 13b)","X-RAY DIFFRACTION","","1.95","VIRAL PROTEIN","2020-03-04","2020-02-15","2020-03-25, 2020-04-01","Zhang, L.#Lin, D.#Sun, X.#Hilgenfeld, R.","34499.37","Protein","306","2388","10.2210/pdb6y2f/pdb"
"6Y2G","Crystal structure (orthorhombic form) of the complex resulting from the reaction between SARS-CoV-2 (2019-nCoV) main protease and tert-butyl (1-((S)-1-(((S)-4-(benzylamino)-3,4-dioxo-1-((S)-2-oxopyrrolidin-3-yl)butan-2-yl)amino)-3-cyclopropyl-1-oxopropan-2-yl)-2-oxo-1,2-dihydropyridin-3-yl)carbamate (alpha-ketoamide 13b)","X-RAY DIFFRACTION","","2.20","VIRAL PROTEIN","2020-03-04","2020-02-15","2020-03-25, 2020-04-01","Zhang, L.#Lin, D.#Sun, X.#Hilgenfeld, R.","68917.53","Protein","612","4759","10.2210/pdb6y2g/pdb"
"6Y84","SARS-CoV-2 main protease with unliganded active site (2019-nCoV, coronavirus disease 2019, COVID-19)","X-RAY DIFFRACTION","","1.39","VIRAL PROTEIN","2020-03-11","2020-03-03","2020-03-25","Owen, C.D.#Lukacik, P.#Strain-Damerell, C.M.#Douangamath, A.#Powell, A.J.#Fearon, D.#Brandao-Neto, J.#Crawshaw, A.D.#Aragao, D.#Williams, M.#Flaig, R.#Hall, D.R.#McAuley, K.E.#Mazzorana, M.#Stuart, D.I.#von Delft, F.#Walsh, M.A.","34138.08","Protein","306","2559","10.2210/pdb6y84/pdb"
"6YB7","SARS-CoV-2 main protease with unliganded active site (2019-nCoV, coronavirus disease 2019, COVID-19)","X-RAY DIFFRACTION","","1.25","VIRAL PROTEIN","2020-03-25","2020-03-16","2020-04-01","Owen, C.D.#Lukacik, P.#Strain-Damerell, C.M.#Douangamath, A.#Powell, A.J.#Fearon, D.#Brandao-Neto, J.#Crawshaw, A.D.#Aragao, D.#Williams, M.#Flaig, R.#Hall, D.R.#McAuley, K.E.#Mazzorana, M.#Stuart, D.I.#von Delft, F.#Walsh, M.A.","34450.61","Protein","306","2603","10.2210/pdb6yb7/pdb"


